﻿"case_id","gender","age","symptom_onset","symptom_type","confirm_date","Infection_source","start_source","end_source","severity","death","recorrection for start and end source","notes"
"TJ1","F","59","14/01/2020","NA","21/01/2020","Wuhan","05/01/2020","14/01/2020","severe","-","symptom onset as ending source","sometimes Tianjin didn't mention the patient's severity"
"TJ2","M","57","18/01/2020","NA","21/01/2020","Wuhan; train import","-","18/01/2020","severe","-","added end source","Tianjin didn't tell which patient got cured, but they report death cases"
"TJ3","F","68","14/01/2020","NA","21/01/2020","Wuhan","-","14/01/2020","severe","-","-","source1: http://wsjk.tj.gov.cn/col/col87/index.html#!uid=259&pageNum=1 (Tianjin health commission official website, for daily announcements)"
"TJ4","M","40","14/01/2020","NA","21/01/2020","Wuhan","-","14/01/2020","normal","-","-","source2: https://weibo.com/u/2967529507 (Jinyun News, Tianjin offical local media weibo account, for patient symptom onset reference)"
"TJ5","M","46","15/01/2020","sore throat","23/01/2020","train import","-","15/01/2020","severe","-","-","source3: https://m.weibo.cn/status/IrrHI1FHm?jumpfrom=weibocom (another Tianjin local media weibo link, for mall cluster reference)"
"TJ6","M","56","19/01/2020","fever","24/01/2020","train import","-","19/01/2020","severe","-","-","gender 0 = female 1 = male"
"TJ7","F","29","24/01/2020","fever","24/01/2020","Wuhan","-","23/01/2020","normal","-","Jan 23 is arrival time","-"
"TJ8","M","39","23/01/2020","fever","24/01/2020","Wuhan; train import","19/01/2020","22/01/2020","severe","-","Jan 19 to 22, visiting wuhan","-"
"TJ9","M","57","24/01/2020","fever","25/01/2020","Wuhan, affect by Case 3","-","17/01/2020","severe","-","Jan 17 is the time of arrival from Wuhan","-"
"TJ10","M","30","24/01/2020","fever","25/01/2020","Wuhan","18/01/2020","20/01/2020","normal","-","period of staying in Wuhan","-"
"TJ11","F","55","23/01/2020","fever; stuffy nose","26/01/2020","case 6 (family)","-","23/01/2020","severe","-","-","-"
"TJ12","F","79","24/01/2020","fever","26/01/2020","case5 (family)","-","24/01/2020","severe","-","-","-"
"TJ13","M","19","20/01/2020","fever; sore throat","26/01/2020","case 5 (family)","-","20/01/2020","severe","-","-","-"
"TJ14","M","71","25/01/2020","fever","25/01/2020","Wuhan","-","19/01/2020","severe","-","Jan 19: arrvial time","-"
"TJ15","M","50","25/01/2020","fever","26/01/2020","Wuhan","-","23/01/2020","severe","-","Jan 23:  arrival time","-"
"TJ16","M","78","21/01/2020","fever","26/01/2020","case 5(family)","-","21/01/2020","severe","-","-","-"
"TJ17","M","49","26/01/2020","fever","26/01/2020","coworker of case 5","-","19/01/2020","normal","-","-","-"
"TJ18","M","43","23/01/2020","fever","24/01/2020","Wuhan","16/01/2020","16/01/2020","severe","-","Jan 16, time of retuning from Wuhan","-"
"TJ19","M","47","25/01/2020","discomfort","25/01/2020","Wuhan","21/01/2020","21/01/2020","severe","-","Jn 21: travel time","TJ19-TJ22 original information might need double check"
"TJ20","M","47","26/01/2020","fever","26/01/2020","colleague of case 6","-","19/01/2020","normal","-","Case 6 symtom onset","Because Tianjin gov's earlier report was not very clear"
"TJ21","M","90","26/01/2020","fever","26/01/2020","family of TJ9","17/01/2020","24/01/2020","severe","-","Jan 17, time of TJ9's arrival from Wuhan","-"
"TJ22","M","38","26/01/2020","running nose; fatigue; fever","26/01/2020","train","-","23/01/2020","severe","-","23 Jan, quarantee started","-"
"TJ23","M","29","24/01/2020","fever","25/01/2020","Wuhan","-","21/01/2020","normal","-","return time from wuhan. Studying at Wuhan","-"
"TJ24","M","21","23/01/2020","fever","28/01/2020","Wuhan","-","11/01/2020","normal","-","return time from wuhan. Studying at Wuhan","-"
"TJ25","M","41","27/01/2020","fever; cough","27/01/2020","Wuhan","-","19/01/2020","normal","-","Jan. 19： time left Tianjin","-"
"TJ26","F","46","27/01/2020","fever","27/01/2020","Wuhan","-","22/01/2020","normal","-","Jan:  time  left Wuhan","-"
"TJ27","M","35","28/01/2020","fever","28/01/2020","coworker of a person from wuhan","20/01/2020","20/01/2020","normal","-","Woring with the patient at Jan 20, quarantined at Jan 23","-"
"TJ28","M","55","19/01/2020","fever","30/01/2020","train crew","-","19/01/2020","normal","-","contacted with m ultiple cases","-"
"TJ29","M","36","29/01/2020","fever","29/01/2020","Wuhan","18/01/2020","22/01/2020","normal","-","time for visiting Wuhan","-"
"TJ30","F","64","28/01/2020","respiratory symptoms","29/01/2020","Hubei","19/01/2020","23/01/2020","normal","-","period  of travlling in Hubei","-"
"TJ31","F","29","26/01/2020","sore throat","30/01/2020","Hubei","21/01/2020","24/01/2020","normal","-","period of travelling in Hubei","-"
"TJ32","M","28","23/01/2020","fever","30/01/2020","travel","-","20/01/2020","severe","-","travel end day","-"
"TJ33","F","48","30/01/2020","fever","31/01/2020","family of case 17","-","26/01/2020","normal","-","Case 17's confirmation, quarantine  time is Jan 26","-"
"TJ34","F","52","25/01/2020","fever","27/01/2020","mall","17/01/2020","25/01/2020","severe","-","inconsistency. Multiple contacts","-"
"TJ35","F","74","30/01/2020","fever","31/01/2020","family of case 20","-","26/01/2020","normal","-","Confirmation of Case 20.","-"
"TJ36","M","53","28/01/2020","diarrhea","01/02/2020","family of case 34","-","27/01/2020","normal","-","Confirmation of Case 20.","-"
"TJ37","F","43","25/01/2020","fever","31/01/2020","business partner","16/01/2020","17/01/2020","normal","-","period of contacting a busines partner with fever in BJ","-"
"TJ38","M","32","NA","none","01/02/2020","family of case 32","-","30/01/2020","normal","-","confirmation of case 32","-"
"TJ39","M","52","27/01/2020","fever","01/02/2020","confirmed patient","20/01/2020","26/01/2020","normal","-","period of visiting the hometown in Zhejiang during which meeting a partient","-"
"TJ40","F","46","31/01/2020","cough; sore throat","01/02/2020","confirmed patient and family of case 39","20/01/2020","26/01/2020","normal","-","tavel with Case 39","-"
"TJ41","F","21","31/01/2020","fever","01/02/2020","confirmed patient and family of case 39","20/01/2020","26/01/2020","normal","-","travel with case 39","-"
"TJ42","F","64","27/01/2020","fever","01/02/2020","unknown","-","27/01/2020","minor","-","the symptom onset of her self","-"
"TJ43","F","35","21/01/2020","fever","01/02/2020","colleague of cases 34 and 37","18/01/2020","21/01/2020","severe","-","based on case 34","-"
"TJ44","M","75","30/01/2020","fever","01/02/2020","relative of cases 20/35","-","26/01/2020","normal","10/02/2020","based on case 20","-"
"TJ45","F","61","25/01/2020","fever","01/02/2020","living in Hubei","-","24/01/2020","normal","-","Jan 24: time returning from Hubei","-"
"TJ46","F","71","none","-","01/02/2020","relative of case 32","23/01/2020","23/01/2020","normal","-","time of containg with 32","-"
"TJ47","M","59","23/01/2020","fever","02/02/2020","coworkers of cases 2/6","-","18/01/2020","severe","-","based on case 2","-"
"TJ48","M","26","29/01/2020","fever; diziness; dry cough","01/02/2020","appeared in workplaces of TJ37/43","23/01/2020","23/01/2020","normal","-","-","-"
"TJ49","M","42","31/01/2020","fever","02/02/2020","travle to Wuhan","16/01/2020","22/01/2020","normal","-","period of visint Wuhan","-"
"TJ50","M","66","02/02/2020","fever","03/02/2020","shopping in mall","22/01/2020","22/01/2020","normal","05/02/2020","shopping time","-"
"TJ51","F","36","27/01/2020","stuffy nose; running nose; cough","03/02/2020","shopping in mall","20/01/2020","20/01/2020","normal","-","shopping time","-"
"TJ52","F","37","30/01/2020","fever; body aches","03/02/2020","TJ50's family","23/01/2020","30/01/2020","normal","-","based on case 50","-"
"TJ53","F","46","31/01/2020","fever; cough","03/02/2020","superstore worker","-","23/01/2020","normal","-","Jan 23; last day of working at the shopping mall","-"
"TJ54","F","43","27/01/2020","fever","03/02/2020","family of TJ14/25","-","24/01/2020","normal","-","Jan 25: quarantine time","-"
"TJ55","F","56","01/02/2020","fatigue","03/02/2020","TJ9; TJ21","-","25/01/2020","normal","-","Quarantine time","-"
"TJ56","F","32","01/02/2020","fever","03/02/2020","TJ38","24/01/2020","24/01/2020","normal","-","Contact time. Quarantine time is Feb 1","-"
"TJ57","M","29","01/02/2020","fever","03/02/2020","shopper in the mall","23/01/2020","23/01/2020","normal","-","-","-"
"TJ58","F","69","26/01/2020","fever","03/02/2020","shopper in the mall","20/01/2020","20/01/2020","normal","-","-","-"
"TJ59","M","9","02/02/2020","fever; cough","03/02/2020","Wuhan, JT14 and JN25","-","19/1/2020","normal","-","travel wit family members; time left wuhan.?? May be affected by family members","-"
"TJ60","M","61","25/01/2020","fever","03/02/2020","Wuhan; TJ1","05/01/2020","-","normal","-","Jan 5: return time from wuhan. Could be infect by famiy members","-"
"TJ61","M","61","31/01/2020","fever; cough","03/02/2020","Hubei; TJ45","22/01/2020","-","normal","-","-","-"
"TJ62","M","55","30/01/2020","fever","03/02/2020","worker in the train company","-","30/01/2020","normal","-","-","-"
"TJ63","M","66","01/02/2020","fever; chest tightness","03/02/2020","TJ27","-","-","severe","-","-","-"
"TJ64","M","31","01/02/2020","fever","04/02/2020","TJ51","-","-","normal","-","-","-"
"TJ65","F","40","28/01/2020","fever; sore limbs","03/02/2020","trip to Dalian","14/01/2020","27/01/2020","normal","-","period of travle and meeting time","-"
"TJ66","F","39","31/01/2020","general weakness; diziness; nausea","04/02/2020","shopper in the mall","20/01/2020","23/01/2020","normal","-","shopping time","-"
"TJ67","F","33","26/01/2020","fever","04/02/2020","Hubei","20/01/2020","31/01/2020","normal","-","tavel to Wubei","-"
"TJ68","F","64","29/01/2020","cold; diarrhea","03/02/2020","shopper in the mall","20/01/2020","20/01/2020","normal","12/02/2020","shopping date","-"
"TJ69","F","76","03/02/2020","fever","04/02/2020","relative of TJ53","-","-","normal","-","-","-"
"TJ70","M","34","22/01/2020","Fever; cold; sputum; fatigue","04/02/2020","unknown","-","-","severe","-","-","-"
"TJ71","M","55","30/01/2020","discomfort","06/02/2020","shopper in the mall","24/01/2020","24/01/2020","normal","-","shopping time","-"
"TJ72","F","65","2/1/2020","fever; dry cough","06/02/2020","unclear","-","2/1/2020","normal","-","symtom onset of herself","-"
"TJ73","F","60","23/01/2020","cold; fever; headache","06/02/2020","shopper in the mall","20/01/2020","20/01/2020","normal","-","Shopping time","-"
"TJ74","M","53","26/01/2020","body aches","06/02/2020","shopping in mall","20/01/2020","20/01/2020","normal","-","shopping time","-"
"TJ75","M","45","02/02/2020","fever; cold","06/02/2020","TJ87, shopping with wife","20/01/2020","21/01/2020","normal","-","shooping days","-"
"TJ76","M","30","03/02/2020","diarrhea","06/02/2020","confirmed patient","22/01/2020","02/02/2020","-","-","time of visit of homtownd during which he contacted with a confirmed case","-"
"TJ77","M","64","27/01/2020","discomfort","06/02/2020","unclear infectoion source","-","-","normal","-","-","-"
"TJ78","F","56","27/01/2020","discomfort","06/02/2020","shopper at the mall","24/01/2020","24/01/2020","normal","-","shopping time","-"
"TJ79","M","35","04/02/2020","fever","2/5/2020","confirmed patient","24/01/2020","24/01/2020","normal","-","shopping time","-"
"TJ80","F","51","02/02/2020","muscle ache; fatigue","07/02/2020","shopper at the mall","23/01/2020","23/01/2020","normal","-","shopping time","-"
"TJ81","M","65","31/01/2020","cold","07/02/2020","TJ72","-","-","normal","-","-","-"
"TJ82","M","47","03/02/2020","fever","08/02/2020","living in the mall proximity","-","-","normal","-","isolated case","-"
"TJ83","M","42","03/02/2020","fever","08/02/2020","Coworker of TJ43 and 53 at the shopping mall","-","-","normal","-","-","-"
"TJ84","M","36","04/02/2020","fever; headache","08/02/2020","family member of TJ43","-","-","normal","-","-","-"
"TJ85","F","56","27/01/2020","fever; body aches","08/02/2020","Close contact of TJ72","-","-","normal","-","-","-"
"TJ86","M","65","31/01/2020","dry cough; fever","08/02/2020","fmaily members of TJ72, TJ85","-","-","normal","-","-","-"
"TJ87","F","43","02/02/2020","running nose; sneeze","08/02/2020","shopper in the mall","20/01/2020","20/01/2020","normal","-","shopping time","-"
"TJ88","M","42","28/01/2020","fever; dry cough; chest tightness","08/02/2020","brother of TJ70","-","-","normal","-","-","-"
"TJ89","F","34","04/02/2020","running nose; sneeze","09/02/2020","temporary worker in the mall","-","23/01/2020","normal","-","working time","-"
"TJ90","M","29","02/02/2020","cough","09/02/2020","living in the mall proximity","-","-","normal","-","isolated case","-"
"TJ91","M","21","05/02/2020","throat discomfort","09/02/2020","Son of TJ82","-","-","normal","-","-","-"
"TJ92","F","63","30/01/2020","fever; stuffy nose; vomit","10/02/2020","shooper in the mall","23/01/2020","23/01/2020","normal","-","-","-"
"TJ93","F","50","03/02/2020","fever","10/02/2020","living in the mall proximity","-","-","normal","-","isolated case","-"
"TJ94","F","22","06/02/2020","fever; diarrhea","10/02/2020","family of TJ75","-","-","normal","-","-","-"
"TJ95","M","49","01/02/2020","cold; fever","10/02/2020","unknown","-","-","normal","-","isolated case","-"
"TJ96","M","76","07/02/2020","fever","10/02/2020","familay member of TJ93, TJ97","-","-","normal","-","-","-"
"TJ97","F","77","09/02/2020","fever","10/02/2020","fmaily member of TJ93, TJ96, living in Baodi","-","-","normal","-","-","-"
"TJ98","M","43","01/02/2020","head ache; fever","10/02/2020","Colleage of TJ82 in a high schook","-","-","normal","-","-","-"
"TJ99","F","31","n.a","none","10/02/2020","shopper in the mall family member of  TJ64","20/01/2020","21/01/2020","normal","-","-","-"
"TJ100","F","80","31/01/2020","fever","10/02/2020","unknown","-","-","normal","-","-","-"
"TJ101","F","50","none","none","11/02/2020","wife of TJ95","-","-","normal","-","-","-"
"TJ102","M","49","n.a","-","2/10/2020","unknown","-","-","unclassifed","-","-","-"
"TJ103","M","56","09/02/2020","fever","11/02/2020","son in law of TJ100","24/01/2020","24/01/2020","normal","-","meeting time during the spring festival","-"
"TJ104","M","19","n.a","nono","11/02/2020","son of TJ95, TJ101","-","-","normal","-","-","-"
"TJ105","M","53","10/02/2020","fever; head ache","11/02/2020","younger brother of TJ103","-","-","normal","-","-","-"
"TJ106","F","27","03/02/2020","cough","11/02/2020","trip to Hebei","23/01/2020","30/01/2020","normal","-","visit duration","-"
"TJ107","M","49","05/02/2020","head ache; stuffy nose","11/02/2020","husband of TJ93","-","-","normal","-","-","-"
"TJ108","F","55","02/02/2020","stuffy nose; muscle ache","12/02/2020","duaghtor of TJ100， whife of TJ103","-","-","normal","-","-","-"
"TJ109","F","40","10/02/2020","fever","12/02/2020","wife of TJ102","-","-","severe","-","-","-"
"TJ110","M","63","02/02/2020","fever","12/02/2020","-","-","-","severe","-","isolated case","-"
"TJ111","F","54","25/01/2020","cough","12/02/2020","shopping in mall","22/01/2020","22/01/2020","normal","-","shopping time","-"
"TJ112","F","42","04/02/2020","abdominal pain","12/02/2020","closing contact of TJ51","24/01/2020","24/01/2020","normal","-","contacting time","-"
"TJ113","M","85","11/02/2020","fever","13/02/2020","relatives of TJ100, TJ103, TJ108","-","-","normal","-","-","-"
"TJ114","F","57","08/02/2020","fever","13/02/2020","mother of TJ115, travel to Huhehaote","20/01/2020","13/02/2020","normal","-","likely daughter infected her. Daughtor's symptom onset","-"
"TJ115","F","28","05/02/2020","fever; dry throat","13/02/2020","daughter of TJ114","20/01/2020","-","normal","-","-","-"
"TJ116","M","42","10/02/2020","cough","13/02/2020","brother of TJ95","-","-","normal","-","-","-"
"TJ117","M","64","11/02/2020","fever","13/02/2020","closing contact of TJ93,TJ107 living in Baodi","25/01/2020","25/01/2020","normal","-","-","-"
"TJ118","M","10","06/02/2020","fatigue","13/02/2020","son of TJ75; TJ87","-","-","normal","-","-","-"
"TJ119","F","31","06/02/2020","cough","2/10/2020","close contac t of TJ93; TJ107","26/01/2020","02/02/2020","normal","-","dinner with JT93 and TJ07","-"
"TJ120","M","49","12/02/20","NA, emergancy call","14/02/2020","sister of case 109","-","-","normal","-","-","-"
"TJ121","M","31","11/02/2020","fever","15/02/2020","husband of case 119","-","-","normal","-","12/2, fever and see doctor","-"
"TJ122","F","63","28/01/2020","cough; running nose","15/02/2020","wife of case 110 shopping at the BaoDi Superstore","22/01/2020","22/01/2020","normal","-","shopping time","-"
"TJ123","M","74","NA","NA","16/02/2020","family member of cases 95/116","-","-","unclassfied","-","-","-"
"TJ124","F","66","09/02/2020","short of breath; cough","16/02/2020","shopping in mall","21/01/2020","21/01/2020","normal","-","15/2, fever visit clinic","-"
"TJ125","M","9","09/02/2020","fever","17/02/2020","son of cases  119/121","-","-","unclassfied","-","-","-"
"TJ126","M","64","2/5/2020","none","15/02/2020","close contact of 68","-","05/02/2020","unclassifdied","-","Patient Symtom-onset","-"
"TJ127","F","54","NA","none","17/02/2020","close contact ofTJ93, TJ107, TJ119 and TJ121","-","2/10/2020","normal","-","multiple contacts, quarantine itme.","-"
"TJ128","M","57","2/4/2020","runing nose, daizzy","18/02/2020","hunsband  of  TJ124","21/01/2020","24/01/2020","normal","-","shopping on Jan 21 with wife. Another shopping on Jan 24","-"
"TJ129","M","90","NA","NA","19/02/2020","close contact of cases 72,85 and 86","-","2/6/2020","normal","-","multiple contacts, quarantine itme.","-"
"TJ130","M","38","2/6/2020","fever","19/02/2020","close contacts of cases 64 /99","-","31/01/2020","normal","-","multple contacts, symtom-onset","-"
"TJ131","F","49","2/8/2020","fever","20/02/2020","shopper at the mall","23/01/2020","23/01/2020","normal","-","shopping time","-"
"TJ132","F","45","19/02/2020","fever","21/02/2020","wife of TJ82, living at proximity of Baodi shopping mall","-","2/8/2020","normal","-","quarantine time of herself","-"
"TJ133","F","47","04/02/20","caugh  fever","21/02/2020","contact with shoppers living in the same viliiage","-","2/4/2020","normal","-","symtom-onset of hershelf","-"
"TJ134","F","65","13/02/2020","throat pain","22/02/2020","wife of TJ117;living at the proximity of the mall","-","2/11/2020","unclassified","-","quarantine time of himself","-"
"TJ135","M","60","n.a","none","22/02/2020","living at the proximity of the mail, wife shoped at the mall","-","2/3/2020","unclassified","-","quarantine time of himself","-"
