﻿"case_id","gender","age","symptom_onset","symptom_type","confirm_date","Infection_source","start_source","end_source","severity","death","recorrection for start and end source","notes"
"TJ65","F","40","28/1/2020","fever; sore limbs","3/2/2020","trip to Dalian","14/1/2020","27/1/2020","normal","period of travel and meeting time","-","TJ66"
"F","39","31/1/2020","general weakness; diziness; nausea","4/2/2020","shopper in the mall","20/1/2020","23/1/2020","normal","shopping time","-","TJ67","F"
"33","26/1/2020","fever","4/2/2020","Hubei","20/1/2020","31/1/2020","normal","travel to Hubei","-","TJ68","F","64"
"29/1/2020","cold; diarrhea","3/2/2020","shopper in the mall","20/1/2020","20/1/2020","normal","12/2/2020","shopping date","-","TJ69","F","76"
"3/2/2020","fever","4/2/2020","relative of TJ53","normal","-","TJ70","M","34","22/1/2020","Fever; cold; sputum; fatigue","4/2/2020","unknown"
"severe","-","TJ71","M","55","30/1/2020","discomfort","6/2/2020","shopper in the mall","24/1/2020","24/1/2020","normal","shopping time"
"-","TJ72","F","65","1/2/2020","fever; dry cough","6/2/2020","unclear","1/2/2020","normal","symtom onset of herself","-","TJ73"
"F","60","23/1/2020","cold; fever; headache","6/2/2020","shopper in the mall","20/1/2020","20/1/2020","normal","Shopping time","-","TJ74","M"
"53","26/1/2020","body aches","6/2/2020","shopping in mall","20/1/2020","20/1/2020","normal","shopping time","-","TJ75","M","45"
"2/2/2020","fever; cold","6/2/2020","TJ87, shopping with wife","20/1/2020","21/1/2020","normal","shopping days","-","TJ76","M","30","3/2/2020"
"diarrhea","6/2/2020","confirmed patient","22/1/2020","2/2/2020","time of visit of hometown during which he contacted with a confirmed case","-","TJ77","M","64","27/1/2020","discomfort","6/2/2020"
"unclear infection source","normal","-","TJ78","F","56","27/1/2020","discomfort","6/2/2020","shopper at the mall","24/1/2020","24/1/2020","normal"
"shopping time","-","TJ79","M","35","4/2/2020","fever","5/2/2020","confirmed patient","24/1/2020","24/1/2020","normal","shopping time"
"-","TJ80","F","51","2/2/2020","muscle ache; fatigue","7/2/2020","shopper at the mall","23/1/2020","23/1/2020","normal","shopping time","-"
"TJ81","M","65","31/1/2020","cold","7/2/2020","TJ72","normal","-","TJ82","M","47","3/2/2020"
"fever","8/2/2020","living in the mall proximity","normal","isolated case","-","TJ83","M","42","3/2/2020","fever","8/2/2020","Coworker of TJ43 and TJ53 at the shopping mall"
"normal","-","TJ84","M","36","4/2/2020","fever; headache","8/2/2020","family member of TJ43","normal","-","TJ85","F"
"56","27/1/2020","fever; body aches","8/2/2020","Close contact of TJ72","normal","-","TJ86","M","65","31/1/2020","dry cough; fever","8/2/2020"
"family members of TJ72, TJ85","normal","-","TJ87","F","43","2/2/2020","running nose; sneeze","8/2/2020","shopper in the mall","20/1/2020","20/1/2020","normal"
"shopping time","-","TJ88","M","42","28/1/2020","fever; dry cough; chest tightness","8/2/2020","brother of TJ70","normal","-","TJ89","F"
"34","4/2/2020","running nose; sneeze","9/2/2020","temporary worker in the mall","23/1/2020","normal","working time","-","TJ90","M","29","2/2/2020"
"cough","9/2/2020","living in the mall proximity","normal","isolated case","-","TJ91","M","21","5/2/2020","throat discomfort","9/2/2020","Son of TJ82"
"normal","-","TJ92","F","63","30/1/2020","fever; stuffy nose; vomit","10/2/2020","shooper in the mall","23/1/2020","23/1/2020","normal","-"
"TJ93","F","50","3/2/2020","fever","10/2/2020","living in the mall proximity","normal","isolated case","-","TJ94","F","22"
"6/2/2020","fever; diarrhea","10/2/2020","family of TJ75","normal","-","TJ95","M","49","1/2/2020","cold; fever","10/2/2020","unknown"
"normal","isolated case","-","TJ96","M","76","7/2/2020","fever","10/2/2020","family member of TJ93, TJ97","normal","-","TJ97"
"F","77","9/2/2020","fever","10/2/2020","family member of TJ93, TJ96, living in Baodi","normal","-","TJ98","M","43","1/2/2020","head ache; fever"
"10/2/2020","Colleage of TJ82 in a high schook","normal","-","TJ99","F","31","NA","none","10/2/2020","shopper in the mall family member of  TJ64","20/1/2020","21/1/2020"
"normal","-","TJ100","F","80","31/1/2020","fever","10/2/2020","unknown","normal","-","TJ101","F"
"50","NA","none","11/2/2020","wife of TJ95","normal","-","TJ102","M","49","NA","10/2/2020","unknown"
"unclassifed","-","TJ103","M","56","9/2/2020","fever","11/2/2020","son in law of TJ100","24/1/2020","24/1/2020","normal","meeting time during the spring festival"
"-","TJ104","M","19","NA","nono","11/2/2020","son of TJ95, TJ101","normal","-","TJ105","M","53"
"10/2/2020","fever; head ache","11/2/2020","younger brother of TJ103","normal","-","TJ106","F","27","3/2/2020","cough","11/2/2020","trip to Hebei"
"23/1/2020","30/1/2020","normal","visit duration","-","TJ107","M","49","5/2/2020","head ache; stuffy nose","11/2/2020","husband of TJ93","normal"
"-","TJ108","F","55","2/2/2020","stuffy nose; muscle ache","12/2/2020","duaghtor of TJ100， whife of TJ103","normal","-","TJ109","F","40"
"10/2/2020","fever","12/2/2020","wife of TJ102","severe","-","TJ110","M","63","2/2/2020","fever","12/2/2020","severe"
"isolated case","-","TJ111","F","54","25/1/2020","cough","12/2/2020","shopping in mall","22/1/2020","22/1/2020","normal","shopping time"
"-","TJ112","F","42","4/2/2020","abdominal pain","12/2/2020","closing contact of TJ51","24/1/2020","24/1/2020","normal","contacting time","-"
"TJ113","M","85","11/2/2020","fever","13/2/2020","relatives of TJ100, TJ103, TJ108","normal","-","TJ114","F","57","8/2/2020"
"fever","13/2/2020","mother of TJ115, travel to Huhehaote","20/1/2020","13/2/2020","normal","likely daughter infected her. Daughter's symptom onset","-","TJ115","F","28","5/2/2020","fever; dry throat"
"13/2/2020","daughter of TJ114","20/1/2020","normal","-","TJ116","M","42","10/2/2020","cough","13/2/2020","brother of TJ95","normal"
"-","TJ117","M","64","11/2/2020","fever","13/2/2020","closing contact of TJ93,TJ107 living in Baodi","25/1/2020","25/1/2020","normal","-","TJ118"
"M","10","6/2/2020","fatigue","13/2/2020","son of TJ75; TJ87","normal","-","TJ119","F","31","6/2/2020","cough"
"10/2/2020","close contac t of TJ93; TJ107","26/1/2020","2/2/2020","normal","dinner with TJ93 and TJ07","-","TJ120","M","49","12/2/2020","NA, emergancy call","14/2/2020"
"sister of case 109","normal","-","TJ121","M","31","11/2/2020","fever","15/2/2020","husband of case 119","normal","12/2, fever and see doctor","-"
"TJ122","F","63","28/1/2020","cough; running nose","15/2/2020","wife of case 110 shopping at the BaoDi Superstore","22/1/2020","22/1/2020","normal","shopping time","-","TJ123"
"M","74","NA","NA","16/2/2020","family member of cases TJ95 TJ116","unclassfied","-","TJ124","F","66","9/2/2020","short of breath; cough"
"16/2/2020","shopping in mall","21/1/2020","21/1/2020","normal","15/2, fever visit clinic","-","TJ125","M","9","9/2/2020","fever","17/2/2020"
"son of cases  TJ119 TJ121","unclassfied","-","TJ126","M","64","5/2/2020","none","15/2/2020","close contact of TJ68","5/2/2020","unclassifdied","Patient symptom-onset"
"-","TJ127","F","54","NA","none","17/2/2020","close contact of TJ93, TJ107, TJ119 and TJ121","10/2/2020","normal","multiple contacts, quarantine time.","-","TJ128"
"M","57","4/2/2020","runing nose, daizzy","18/2/2020","hunsband  of  TJ124","21/1/2020","24/1/2020","normal","shopping on Jan 21 with wife. Another shopping on Jan 24","-","TJ129","M"
"90","NA","NA","19/2/2020","close contact of cases TJ72 TJ85 and TJ86","6/2/2020","normal","multiple contacts, quarantine time.","-","TJ130","M","38","6/2/2020"
"fever","19/2/2020","close contacts of cases TJ64 / TJ99","31/1/2020","normal","multiple contacts, symptom-onset","-","TJ131","F","49","8/2/2020","fever","20/2/2020"
"shopper at the mall","23/1/2020","23/1/2020","normal","shopping time","-","TJ132","F","45","19/2/2020","fever","21/2/2020","wife of TJ82, living at proximity of Baodi shopping mall"
"8/2/2020","normal","quarantine time of herself","-","TJ133","F","47","4/2/2020","caugh  fever","21/2/2020","contact with shoppers living in the same viliiage","4/2/2020","normal"
"symtom-onset of herself","-","TJ134","F","65","13/2/2020","throat pain","22/2/2020","wife of TJ117;living at the proximity of the mall","11/2/2020","unclassified","quarantine time of himself","-"
